{
  "project_info": {
    "project_number": "221258411849",
    "project_id": "fitnessapp-fbf69",
    "storage_bucket": "fitnessapp-fbf69.appspot.com"
  },
  "client": [
    {
      "client_info": {
        "mobilesdk_app_id": "1:221258411849:android:26a6ca16ee0d505840b498",
        "android_client_info": {
          "package_name": "com.example.fitnessapp"
        }
      },
      "oauth_client": [],
      "api_key": [
        {
          "current_key": "AIzaSyDeuvO4GjXcZkdqno0-hkaUuZodlBvFm0Q"
        }
      ],
      "services": {
        "appinvite_service": {
          "other_platform_oauth_client": []
        }
      }
    }
  ],
  "configuration_version": "1"
}